{
      "C": 1.0,
      "max_iter": 100,
      "solver": "liblinear",
      "classes": [
            0,
            1
      ],
      "coef": [
            [
                  0.10537038552342869,
                  -6.508155219533371e-05
            ]
      ]
}